Date,Asset_A,Asset_B,Asset_C,Asset_D,Asset_E,Asset_F
01-01-2021,97.63167288,151.8349464,81.35421112,203.7454175,119.9027614,61.44919365
04-01-2021,98.12124347,151.8883381,79.74904632,204.2634599,121.7961801,61.31356796
05-01-2021,96.64198909,151.6127055,81.66461811,,125.3708237,59.73749316
06-01-2021,95.9757667,150.8435026,80.79724896,203.2153666,126.8892072,60.55654618
07-01-2021,96.29814095,150.9298007,81.09493792,204.8054728,127.9037113,58.96643199
08-01-2021,97.58213038,153.0045577,80.97951199,206.566797,128.3877303,59.16414825
11-01-2021,96.35624022,151.2990767,79.97720893,203.70222,129.7412529,60.05929335
12-01-2021,93.07330652,151.6671396,78.34663068,201.7801133,129.1368155,60.3994621
13-01-2021,93.3998042,149.2435789,76.35993862,199.8929773,128.7042669,62.51185151
14-01-2021,97.17816007,147.1375141,76.55735014,198.9715269,129.6777049,60.71845307
18-01-2021,96.96021926,147.1869398,74.86698021,200.7391477,128.8597015,60.69156025
19-01-2021,97.1060214,142.9770445,73.65359355,201.7915773,128.2557367,60.75600449
20-01-2021,99.77958849,147.5106149,73.47162953,203.0887449,128.3587004,59.57967454
21-01-2021,100.7428725,144.9887882,70.62224343,207.3760066,130.6767447,58.59625292
22-01-2021,101.1511749,145.0175935,71.50394065,209.6847992,128.5610939,57.90030938
25-01-2021,101.9029051,147.6747894,68.97639629,209.4065424,130.1279551,56.99158085
26-01-2021,102.3669362,145.8814888,68.95152438,205.8553681,131.7775802,
27-01-2021,100.6987322,140.959381,69.02221957,203.8136523,,56.475372
28-01-2021,98.75306382,140.1313593,69.63451056,203.1766172,131.9282987,56.78986221
29-01-2021,101.6270171,138.4046179,69.64668184,205.8660554,128.6841522,57.3885101
01-02-2021,101.9886315,133.7894325,71.81050809,205.9463475,129.8674683,57.93523232
02-02-2021,102.2233514,134.4681929,72.10096388,204.0839872,130.3366901,57.62516912
03-02-2021,102.1667794,134.9934805,73.29814169,202.0036788,132.4045663,57.9171636
04-02-2021,103.4455089,137.4145746,72.56135301,201.954456,131.1191758,58.86277329
05-02-2021,107.4675082,135.2142464,72.75083625,204.8120739,132.7190626,59.30327101
08-02-2021,108.3981006,132.0790272,74.4978422,209.863823,134.9243466,61.0043655
09-02-2021,107.5286066,131.3788966,74.29182387,209.3839633,134.8393921,61.95192708
10-02-2021,107.3994634,131.3099043,74.56547939,209.4109429,135.7905414,63.59836807
12-02-2021,109.2107496,133.2296872,75.72219889,205.7652815,136.6771853,61.27161243
15-02-2021,108.3433969,136.1552139,74.93972788,211.9151712,135.1023849,61.40948224
16-02-2021,109.8151008,138.7445031,72.56987852,207.631297,136.2867531,61.16022192
17-02-2021,106.0801727,139.4310324,72.90613865,211.4465086,139.712658,
18-02-2021,105.7992519,141.2147023,74.04566434,210.4569306,,60.40569006
19-02-2021,106.8807425,139.9709678,,208.7331836,,60.81300508
22-02-2021,109.0025265,140.4365011,73.39186185,205.4247515,135.6158744,59.21208165
23-02-2021,107.7514921,138.039341,74.19583269,213.015346,132.1045839,59.61777636
24-02-2021,105.4088157,138.2795682,71.72493014,213.893475,,58.97535498
25-02-2021,105.080886,138.5740623,70.77498153,214.132866,136.4194651,58.57987856
26-02-2021,103.3910503,142.2645569,70.4113799,217.1523504,135.5026528,59.01205316
01-03-2021,103.2426273,141.8897264,70.2779954,215.2061244,132.7287917,59.12899534
03-03-2021,103.3149176,142.1948805,69.550828,215.3842482,131.1759412,60.1110578
04-03-2021,101.3532591,142.8140569,68.77498558,215.7385649,130.0249832,59.28497843
05-03-2021,,141.9539871,70.55434875,214.2538119,130.342389,59.26063692
08-03-2021,102.4973681,140.3587946,70.49696076,218.2806204,130.5947828,60.09808435
09-03-2021,104.2405304,143.2055756,69.81838134,217.7393246,133.3270188,60.471774
10-03-2021,101.4392143,141.2130473,69.83112026,212.8408472,132.0482364,60.90619802
11-03-2021,99.97261805,138.5132274,70.44956997,212.0485556,129.1665718,61.96722314
12-03-2021,100.8273879,140.0374243,70.56048547,213.0107641,127.0282609,61.63919117
15-03-2021,99.69946634,142.5815153,70.39919028,210.3263176,127.0860114,61.11818818
16-03-2021,99.53316415,141.7301404,69.76909992,207.9246178,125.7986083,61.69505627
17-03-2021,99.61383446,140.9164957,69.1319711,206.3872469,125.3482332,61.60612455
18-03-2021,99.9299928,141.6264546,68.5673616,210.3330687,124.5948272,62.69242864
19-03-2021,98.994299,140.2359958,68.97068984,208.9643535,126.5451819,63.09031251
22-03-2021,99.29517222,138.7038211,67.99732709,213.6110427,125.5322528,62.55087392
23-03-2021,98.20906618,140.6448269,68.45284379,211.8115285,124.9221496,62.91840787
25-03-2021,99.28094026,142.0381905,69.9584587,213.0136038,126.3661564,62.11679621
26-03-2021,99.18933767,144.9453406,70.35621524,211.7581783,125.3963305,63.04879209
29-03-2021,99.49935884,142.3379427,70.02246063,214.322834,126.2926867,61.77789964
30-03-2021,103.4145494,141.3790209,68.71500802,,127.0216833,62.95977135
31-03-2021,101.7799204,142.0884175,70.39657435,213.4179636,127.3934107,63.31317384
01-04-2021,103.9812913,140.2292882,69.21741309,213.9532246,125.3276061,63.20754122
02-04-2021,99.91663448,141.6912223,70.15381606,212.0704625,127.7397381,63.98183438
05-04-2021,96.88160178,144.4073589,70.88185608,211.7113589,132.0969734,64.52375409
06-04-2021,95.15617909,143.259267,70.68682259,216.7517457,132.2201435,65.86299141
07-04-2021,93.55156754,143.4568042,70.46453501,217.3733176,130.2506818,67.22081797
08-04-2021,93.91225813,146.7038457,68.58061852,215.2559015,130.411742,67.6298134
09-04-2021,94.39568406,150.7806097,68.97502394,211.5383461,132.4524122,66.79955192
12-04-2021,94.11039018,152.5880197,69.67159546,213.3112626,131.3361277,66.31040318
14-04-2021,93.97410239,154.0683428,68.5891635,214.1085515,131.1872599,66.2921875
15-04-2021,94.79322496,152.2185909,68.48371986,216.5119865,131.9625519,67.42086671
16-04-2021,96.05381922,153.160541,68.57740071,211.9363583,134.4494809,67.01325384
19-04-2021,94.21937519,154.5623142,69.2335897,,136.1208703,66.69198508
20-04-2021,93.78329358,154.1982346,69.29292608,212.1307288,137.8976587,68.59439125
21-04-2021,93.76042477,152.9458914,67.65797402,213.3547496,137.1262552,68.54195237
22-04-2021,94.51798462,150.1287099,67.17428266,215.2324875,138.0626609,67.94419949
23-04-2021,93.49813489,146.335566,67.45435823,212.2966506,,68.79008374
26-04-2021,93.4478032,142.1769649,68.35979303,209.3425835,138.5207825,68.78719358
27-04-2021,93.56459001,143.5264573,67.7811582,212.6227473,141.0236168,67.40842393
28-04-2021,92.65073984,143.9592598,70.05960476,216.1045861,142.3069957,68.51484634
29-04-2021,91.71267637,143.0296909,68.12476193,212.7496073,141.6365649,67.80190895
30-04-2021,91.9218901,142.4329932,67.60323264,208.8370234,141.317046,67.90047828
03-05-2021,91.81570403,142.9966089,67.57311512,208.6639195,145.2594726,67.88539848
04-05-2021,92.57843203,142.7580267,67.42369492,206.328923,144.61152,68.17401445
05-05-2021,91.18985916,140.0016123,66.23150005,203.9555929,147.004828,65.98793893
06-05-2021,,142.0309361,66.72942358,200.2903735,147.8697124,65.70904142
07-05-2021,90.5436243,142.7924907,67.1542505,199.043264,147.2468782,66.87028813
10-05-2021,91.72141202,143.4762493,67.25628612,195.7549854,144.3947451,68.19309496
11-05-2021,90.50094796,145.3935856,67.64486994,192.6951366,144.9685707,67.23366205
12-05-2021,90.89189215,143.7354183,67.26899133,193.7117726,145.282647,
13-05-2021,91.30920706,146.4672495,65.69083091,193.7063538,149.3357452,67.49132557
14-05-2021,93.63722283,,65.03723355,195.2701801,147.528351,67.16615345
17-05-2021,92.29761684,148.3434897,65.24247927,190.5962904,152.7245251,66.8954896
18-05-2021,91.4615389,150.0964255,65.45394099,190.7770155,153.7145096,67.05818316
20-05-2021,90.24872823,147.877696,65.54693047,196.8693962,154.7086487,68.11907693
24-05-2021,88.06049551,149.1115144,66.13886016,195.9275558,153.4561148,68.44392101
25-05-2021,90.461932,149.9605733,65.61522619,198.5081637,154.3032838,68.36918186
26-05-2021,88.84967254,150.1487251,65.69397862,201.0967305,155.5216261,69.41589137
27-05-2021,87.83282526,150.0562971,66.31027957,203.8674371,157.8326634,68.63566225
28-05-2021,,149.9830098,66.27889178,204.5401844,,68.61107272
31-05-2021,87.35117472,151.9313403,65.09582291,206.4406265,159.0516046,69.69078585
01-06-2021,88.41207863,153.3699261,64.20906642,208.7703512,160.0411016,70.29985497
02-06-2021,86.608882,153.5627401,65.06065745,210.9273018,161.6292589,69.86437832
03-06-2021,88.29779167,150.2490033,66.47163329,207.5606336,161.2229012,68.33474307
04-06-2021,85.49449878,151.4835469,67.69665542,202.4108951,159.1073118,68.70804708
07-06-2021,,153.2489671,67.98655546,197.8558902,159.408163,
08-06-2021,82.6998694,158.6595984,66.81399209,197.2123838,159.9835361,66.9757096
09-06-2021,83.97157344,161.3459427,66.86107769,199.1270993,156.7868372,68.21370375
10-06-2021,83.9997565,156.8786534,68.48137747,195.9876278,158.7779174,68.87888147
11-06-2021,83.64395654,157.1887148,69.17148662,198.8607195,161.2783313,66.84317924
14-06-2021,85.39969865,161.5853815,69.01155088,197.5215661,159.6421675,67.09763602
15-06-2021,88.22887052,163.2259955,69.71749615,196.2196366,157.3211652,66.83008093
16-06-2021,89.18914113,164.1612449,68.44578432,193.9157032,156.7320885,65.60670544
17-06-2021,88.42721457,166.5093138,67.78630435,188.5884906,156.9136511,65.98888546
18-06-2021,87.94332798,165.0880447,66.73813348,189.3880515,156.4174015,65.55493808
21-06-2021,86.31402739,166.4040193,67.26159919,194.404944,156.3996063,65.12994472
22-06-2021,86.51360798,165.9119592,68.03588462,194.3777335,157.0443113,65.30323445
23-06-2021,84.46808933,165.9958522,67.93332798,189.1374119,153.946764,64.74239277
24-06-2021,85.23488683,168.1914491,67.09815937,191.5026022,151.1758093,64.88715919
25-06-2021,87.86724789,165.9880239,67.13196098,186.9885086,145.1236118,64.36158142
28-06-2021,88.88333365,169.3276593,66.69569061,183.7469663,147.2914942,63.89322722
29-06-2021,88.32894912,168.3892151,65.95252984,183.2370552,147.4429696,
01-07-2021,89.09776969,169.1823186,66.34065423,183.7212869,149.8783982,66.01347745
02-07-2021,91.33483664,165.7635467,65.63944126,181.0885682,147.4404657,64.3743751
05-07-2021,93.55951758,,64.14973799,180.4801575,,65.14725982
06-07-2021,92.22569863,171.4585249,62.90768891,182.560631,148.2061533,66.5660932
07-07-2021,93.00541581,170.2720965,61.4451539,185.0402942,147.0758239,68.17437343
08-07-2021,92.85925572,167.5727133,61.72243615,188.6618744,143.7664094,68.76106135
09-07-2021,,168.4055071,61.91106494,194.2163214,147.6463873,67.72545322
12-07-2021,94.67350736,172.2152033,62.05394339,196.7311004,150.8634914,68.41961965
13-07-2021,91.38399861,168.6076654,62.65065254,196.248903,150.1198877,67.58224661
14-07-2021,90.9800634,165.9445709,63.82092807,198.935493,151.3889133,67.28863706
15-07-2021,91.32382023,164.9467722,63.30499981,200.4873378,150.4091454,67.72912412
16-07-2021,89.43200396,163.0490336,63.74162466,202.1705301,148.2837057,66.96572273
19-07-2021,90.28297901,,62.28230908,202.8696928,152.4666293,65.86775243
20-07-2021,,156.2468158,63.62017333,200.2565665,148.8027749,66.38063826
21-07-2021,87.30452039,157.7523873,62.48312378,197.3285259,148.2845609,68.29295579
22-07-2021,89.13090291,158.6800987,61.86758898,197.1989259,148.5907474,69.62115236
26-07-2021,88.02062895,154.7634394,61.36240035,197.7971586,152.3899972,70.41537604
27-07-2021,88.84885945,158.2700596,60.0066555,,154.5613763,71.505954
28-07-2021,86.58289316,162.3876744,60.08398209,197.340517,150.808047,72.24716988
29-07-2021,89.35525315,160.6885174,60.32483222,203.6576807,150.9224721,72.79252789
30-07-2021,89.01853534,163.6288327,60.20169687,198.4919116,151.0908869,73.83195187
02-08-2021,89.21702994,162.3533513,58.85897541,200.3842674,150.694262,72.37558366
03-08-2021,89.52800054,162.9243071,60.65716381,200.3462707,152.2158425,72.65005211
04-08-2021,90.41553664,161.012157,61.20541128,201.8608551,149.1202892,72.61995878
05-08-2021,88.42750696,166.488788,63.67280526,200.7181772,148.3255469,
06-08-2021,88.49117061,165.8827258,62.95479005,200.4389987,149.5095231,72.31864541
09-08-2021,87.68753517,166.3300676,63.909703,200.988704,151.1531763,72.94111496
10-08-2021,85.53538857,164.7467615,64.7078782,200.2401199,151.6128772,72.10455914
11-08-2021,86.8703251,169.4782447,64.47760703,195.8332114,151.078308,71.58484217
12-08-2021,86.48092063,174.4099294,65.8939069,195.302753,150.9273628,70.93999169
13-08-2021,86.86470622,178.816211,65.54591128,191.3094944,152.7243201,
16-08-2021,87.16853127,181.5246695,65.24352366,193.3369726,152.9241616,71.96095542
17-08-2021,86.80043739,179.9686685,61.8983937,188.0814595,150.656646,71.52109516
18-08-2021,,182.3474496,62.32768511,191.133987,147.9896522,71.17769052
19-08-2021,89.44951818,182.4740641,61.13830779,192.5184555,144.8012801,71.23877587
20-08-2021,87.43070653,186.2122513,60.68216601,193.9239999,148.0786706,73.02919323
23-08-2021,86.97556672,189.4781406,59.79661329,187.7834647,149.9906516,71.73308534
24-08-2021,87.69712161,187.7843986,59.51595949,187.0081083,149.8710614,72.51731806
26-08-2021,88.46788518,190.6044296,59.95984163,190.3936005,148.9708028,73.08860478
27-08-2021,87.0951543,192.706895,60.01783019,189.0648208,147.8074972,72.17905503
31-08-2021,88.37913176,184.8437902,60.70471142,186.1587183,150.3495728,73.82496119
01-09-2021,86.11282534,187.2123877,61.90572032,184.5298199,154.764814,74.48120653
02-09-2021,87.65958632,186.1495948,61.61278622,184.4884549,153.483223,73.97354266
03-09-2021,85.99491164,183.8244678,61.21978854,182.2800254,156.2269248,71.96951063
06-09-2021,85.7718685,181.6463484,62.14824263,185.7993529,156.4175519,72.27446003
07-09-2021,87.21013667,181.4231698,63.16472123,185.7677646,156.0442717,72.28377015
08-09-2021,87.43636718,182.8747173,63.91694124,184.3682757,159.6899675,71.22403992
09-09-2021,88.57745354,179.2753899,63.05516944,180.9168734,159.793369,70.16606263
10-09-2021,89.47030802,179.9293358,63.50537238,182.3762754,160.6315598,71.13629425
13-09-2021,91.268127,181.6299147,63.66045625,183.7851311,161.3582745,69.10638996
14-09-2021,92.79533006,186.8476131,64.7164517,181.7482159,157.5528025,69.48745927
15-09-2021,,183.9794363,64.21211113,175.7968823,158.3604445,69.34768145
16-09-2021,93.18749534,183.1617981,62.65823234,177.0206805,157.1505104,69.92030761
17-09-2021,91.12821217,184.0272274,63.35709419,176.6662761,153.9262067,69.66757541
20-09-2021,91.12196318,187.3417676,60.97641807,177.6981958,152.8553335,70.0297858
21-09-2021,92.31358979,186.6367334,60.35612319,183.0571501,151.7729904,69.30556418
22-09-2021,92.57278002,190.1417004,59.47806638,183.1299194,154.239034,69.30985602
23-09-2021,93.26703847,184.7682133,58.60677099,181.8649349,151.901257,69.8737789
24-09-2021,93.04328286,181.4423443,57.99518167,178.8805624,150.2230958,70.08780774
27-09-2021,94.69350239,182.5363809,59.10060483,178.185374,150.8736855,70.54370108
28-09-2021,94.65503442,178.819508,59.87531514,178.7571104,147.9939736,69.618251
29-09-2021,94.06990041,175.81229,59.69712858,179.0430523,146.6494333,69.05711965
30-09-2021,95.3960754,174.5610949,60.75999728,183.8149041,143.1053343,68.51846738
01-10-2021,93.46169113,176.7206923,,185.3380465,145.1946968,68.28911234
04-10-2021,94.23887184,171.8362256,58.81271318,185.111561,144.6545077,69.7353899
05-10-2021,92.84062396,172.412646,59.62162029,183.2977623,144.7356925,69.42069631
06-10-2021,94.69454932,175.2220168,60.18770662,184.1776083,146.8401718,
07-10-2021,94.39953709,174.8498141,59.8203238,181.8191915,145.3667727,68.89485845
08-10-2021,94.66619414,174.0223454,58.84932549,182.455098,144.8027779,70.34162647
11-10-2021,95.32777414,175.210321,60.18496849,183.9350294,142.6242317,69.06716437
12-10-2021,92.6447483,174.8455917,58.6802517,183.4849802,140.4738069,71.16626478
13-10-2021,91.81476506,178.6323095,58.20045913,181.8970468,138.6464192,71.66639631
14-10-2021,93.32541071,175.7972013,58.44656838,176.0800788,137.7331059,72.83515783
18-10-2021,94.61483895,175.8016556,60.07328087,179.2420457,137.0483061,74.49624187
19-10-2021,95.09221652,176.484697,60.46655079,180.4697652,137.751293,75.64268425
21-10-2021,93.24343806,175.6240145,60.95055952,181.7717208,136.0199997,75.57778026
22-10-2021,94.13694814,168.2005209,60.47875614,177.6599927,136.7809622,77.01870632
25-10-2021,95.21961661,167.929117,61.0428538,181.4792527,137.8854712,77.37445546
26-10-2021,95.36294672,170.3309492,61.1881138,180.358028,137.0281913,78.70198995
27-10-2021,97.18891487,172.4552551,59.77913706,179.7210161,135.4837646,80.18144037
28-10-2021,96.27033609,173.5109705,60.53797479,176.9821931,135.765054,78.93354062
29-10-2021,95.61108995,170.7924118,61.46758992,172.3799153,135.4604295,79.93714246
01-11-2021,92.1242325,171.9417836,62.2574777,175.5103681,136.0165322,79.78299338
02-11-2021,93.46900794,170.6003682,62.33840737,179.037944,139.3282622,80.01219871
03-11-2021,93.98382864,171.6414132,61.49417993,178.7366371,139.583171,80.22874302
04-11-2021,91.68805701,172.0915557,59.41335488,177.0581627,138.3564502,80.39758869
05-11-2021,89.34276957,169.7088398,59.60085179,176.198428,136.6182304,82.29922318
08-11-2021,88.24479523,167.5727422,60.61580249,175.4153626,134.9811309,80.67819888
09-11-2021,89.36593381,168.5991817,61.56947013,172.3985875,132.127428,78.65840804
10-11-2021,89.03479662,168.1748688,62.37240329,171.7807405,134.0817452,76.44029198
11-11-2021,88.03121387,166.1896954,62.35287046,172.3126647,129.6973817,77.72732971
12-11-2021,86.77309479,164.0221741,63.41985045,175.0821357,130.7507284,76.88775311
15-11-2021,85.47465002,163.4058669,64.3497394,175.2596099,129.1528291,77.10171612
16-11-2021,83.0638226,167.3801545,63.9932738,171.2557558,128.2634727,77.03072419
17-11-2021,81.62590996,166.1932332,64.69393425,172.300967,126.6383982,76.06817698
18-11-2021,80.38040704,166.2912385,64.22558981,171.7773515,129.4862387,77.10058634
19-11-2021,81.26775437,166.6778098,64.7972209,175.4458536,129.6215174,77.01485477
22-11-2021,81.13074947,163.9833971,63.58637146,179.348097,131.2619656,76.80182966
23-11-2021,80.19094931,159.7784549,62.47150034,183.4312818,133.9276208,
24-11-2021,83.03338498,157.4457516,63.51309427,182.0328349,134.3630305,78.02716447
25-11-2021,82.27292756,158.1552275,64.45711491,187.6117456,132.0608064,76.96719325
26-11-2021,83.77906051,158.4889296,65.12129218,,131.7293812,78.03655813
29-11-2021,85.88330804,160.2855757,65.25931887,193.5051247,130.3681266,79.79611105
01-12-2021,83.92951387,160.6464184,62.97073221,192.2010367,129.4878077,78.15296266
02-12-2021,84.08977262,160.510955,62.95038391,191.4939385,129.4076085,78.54173337
03-12-2021,83.50425513,159.1851049,63.42960929,192.4342523,129.2507232,78.24532997
06-12-2021,82.8208675,161.4246964,62.97158416,193.0265965,130.1531049,79.12859915
07-12-2021,83.57707604,159.3281605,62.34895811,196.814199,131.3452507,77.74781394
08-12-2021,82.86307228,156.8018544,63.74970887,196.2863552,131.1860369,79.70970799
10-12-2021,82.31289995,158.2610262,63.74305755,,132.084928,77.85100337
13-12-2021,82.1711799,155.2228324,64.22890252,202.2275541,131.1021636,77.62802143
14-12-2021,81.77667697,160.9694711,65.02610985,201.7420294,133.7926026,78.19582702
15-12-2021,80.40253824,161.2913941,64.10133738,203.8845599,132.7647182,77.45335352
16-12-2021,81.42675382,162.2621411,64.33839126,202.600296,135.2550919,76.53545203
17-12-2021,82.77257228,160.4243119,65.66341903,209.9046621,132.3686121,76.85181397
20-12-2021,83.26542325,159.7940091,67.50779598,201.6837492,131.7191973,77.00293528
21-12-2021,82.86172835,158.8989459,67.60224249,203.8809218,,77.07139648
22-12-2021,82.05149303,157.7346099,67.41504152,198.6475149,131.8244994,78.12575844
23-12-2021,81.25113807,159.3583972,67.74101759,198.1340408,133.6340875,77.72598187
24-12-2021,84.18923167,158.4112282,68.04277372,198.0381199,131.236568,78.16077244
27-12-2021,85.44092135,160.9557114,69.51259092,202.6750841,129.1604389,77.62935406
28-12-2021,84.4325774,167.5142922,68.52927448,,126.5477013,76.70246405
29-12-2021,84.70871139,166.9056929,68.2964054,204.8319977,129.1549336,76.43620069
30-12-2021,84.31583024,167.4205523,,201.3739727,129.8348147,75.92549391
31-12-2021,85.52112582,168.9586535,65.48594331,208.0931664,126.2761359,75.05082501
03-01-2022,86.65748587,176.5597013,66.08280514,205.5630373,124.8394454,77.21477936
04-01-2022,88.97906083,176.1419267,67.40092225,205.8787539,128.4902545,76.70110138
05-01-2022,87.06032424,172.4384682,66.28646199,204.0856598,127.5583171,75.40694925
06-01-2022,87.26216337,166.9275912,67.54606185,210.567234,126.4447708,75.43726053
07-01-2022,83.4214349,166.6355349,69.40286705,216.2301231,123.9370653,75.61119611
10-01-2022,80.77418017,,72.73889977,,120.7240207,73.34497501
11-01-2022,82.53526092,172.9453268,72.84391083,212.203259,124.2591937,72.77580651
12-01-2022,80.54887697,180.5456791,71.6569839,208.3463488,129.4218575,72.13777315
13-01-2022,78.83135583,175.8227267,69.83963393,202.9263408,126.1953887,71.8056792
14-01-2022,78.79139213,172.6457854,67.8949612,191.4602776,130.5899612,73.08656394
17-01-2022,80.13628443,172.9123942,69.99593801,197.4401474,128.9595801,73.3143599
18-01-2022,77.9869756,178.9004646,67.32367624,195.7627772,130.6413677,75.54300161
19-01-2022,71.17713567,179.1017864,69.35306176,194.0474354,135.2079818,75.49831725
20-01-2022,69.60728259,176.150007,67.82652973,201.2470912,134.6770316,78.82795778
21-01-2022,71.68441276,175.8378612,66.64430281,198.7919341,133.5324724,
24-01-2022,72.2778433,173.022324,66.37180182,194.5553254,136.1666707,76.37424089
25-01-2022,74.64833034,175.5764674,65.18431978,193.4038224,132.3473561,77.39632427
26-01-2022,72.51373121,172.4115536,66.68352614,187.8692381,136.1029154,80.01247858
27-01-2022,69.52000858,170.1597034,,189.4302237,136.5480039,77.23043809
28-01-2022,70.30306207,175.0515133,68.52026528,187.6038224,134.5347725,76.8269271
31-01-2022,70.70382948,171.6364117,67.75928291,185.1683899,132.4623733,75.63076653
01-02-2022,71.22271485,165.3797151,67.46229261,182.363537,127.8412164,75.87817559
02-02-2022,72.86261188,165.7228521,68.35457716,181.8245548,126.0892415,75.87441568
03-02-2022,73.60887972,164.1796683,68.07178697,182.1494803,125.2191067,78.40365375
07-02-2022,74.33322347,166.2295151,70.4121927,179.7270057,121.8591853,78.16764936
08-02-2022,75.63964291,167.4989763,72.40947665,178.0610894,121.6841194,80.8307901
09-02-2022,76.56701638,167.3150688,70.24178609,,123.0862766,80.16979564
10-02-2022,78.18534819,167.0095371,71.13555692,176.7813359,122.3924635,82.00264126
15-02-2022,80.13318139,163.8870498,73.81797071,176.8656428,,82.44681478
16-02-2022,83.17761884,164.1793713,72.88273218,173.8205876,121.8363732,85.98766926
17-02-2022,81.80271084,167.747337,72.32469667,178.1339147,,82.78674632
18-02-2022,82.76095211,163.6146854,71.34824637,178.5116841,125.1988109,80.35311045
21-02-2022,81.96991596,163.5435237,70.42236799,176.2095673,129.9978603,84.00841822
22-02-2022,80.23715598,167.7400046,67.46383355,177.6737993,137.8049381,82.44320467
23-02-2022,78.82991598,169.8091785,65.20326393,177.2901633,136.1435494,81.03795333
24-02-2022,79.78169955,175.3172487,65.30999144,169.5522173,134.6423493,79.23947077
25-02-2022,80.59198753,172.7745248,67.76172521,170.9465838,133.7730912,81.49075517
28-02-2022,81.37455997,164.8149387,66.70233702,166.5382723,135.7251825,78.91267776
01-03-2022,80.89096388,165.5922546,65.61049096,170.3787605,140.1836529,78.93329451
02-03-2022,80.87360215,167.0435499,68.38174864,169.2979218,137.8537708,78.38545438
03-03-2022,,172.7080884,66.46661953,172.5487394,139.1263137,80.39313237
04-03-2022,79.4059805,177.7863354,63.68624912,169.7783894,138.6117992,79.23610906
07-03-2022,79.43107696,180.1186415,62.34801723,170.0242678,140.7121461,80.03495281
08-03-2022,79.58588048,183.5111321,61.29623037,175.1175296,145.9799082,77.66748655
09-03-2022,81.0608143,182.5760444,58.60003433,173.8872566,145.0590369,82.05946842
10-03-2022,78.30019016,176.9567435,58.39487311,171.2667013,138.9597843,81.54333011
11-03-2022,81.20343152,177.4244456,59.76196476,174.0199874,141.5024068,81.53673221
14-03-2022,81.61275858,181.729532,57.82275657,176.733227,138.5142112,84.88535276
16-03-2022,82.1321841,,57.93201009,174.2556519,137.9770679,83.61488902
17-03-2022,81.28338954,188.4508293,58.48806423,165.5539301,140.6504799,87.0752543
18-03-2022,82.35231154,186.3790212,58.34859319,162.9794713,141.654003,86.15340779
21-03-2022,82.42633401,185.0857985,58.60196115,165.6904699,141.2512806,87.57428896
22-03-2022,84.89290485,187.2671526,58.87347467,162.4303683,139.1753045,86.29421199
23-03-2022,81.80812113,184.6524004,,162.3372233,129.0437119,83.34287131
24-03-2022,82.14260556,182.2162948,59.80250393,159.6201651,131.2578465,84.18170554
25-03-2022,82.95686949,183.5190604,61.65003775,151.861958,130.3884218,85.50315502
28-03-2022,82.54546067,186.9550177,63.46549481,149.2519021,135.2823435,82.66469451
29-03-2022,81.68561386,185.9663591,65.05479097,151.7187824,136.5879129,82.00532305
30-03-2022,80.91989848,180.5027164,62.47377553,142.6829713,134.6991569,84.44243711
31-03-2022,81.24891731,177.1282005,63.90139872,143.539666,138.2514097,85.68399205
01-04-2022,77.5481126,177.9769638,64.92957451,139.2404046,142.1885658,84.81169688
04-04-2022,79.39572539,178.7757287,62.41595002,141.3166255,141.3673138,83.51932415
05-04-2022,78.41889623,179.800284,62.06187939,143.797859,145.5434628,87.56216959
06-04-2022,78.64592422,182.08957,62.47271887,143.136576,143.4792633,84.36848815
07-04-2022,79.34410787,182.0613942,65.05333741,142.4864921,144.0088731,84.21831525
08-04-2022,78.27731565,183.2131876,66.21246405,139.5713513,146.0228674,81.10919218
11-04-2022,77.99739909,182.9519859,64.76147463,134.8343576,148.843962,83.75094826
13-04-2022,74.00541374,188.1511771,67.4869426,140.5179389,151.1120532,83.71090775
18-04-2022,75.33773987,194.8321528,67.54056058,137.4368322,149.8100068,84.05867234
19-04-2022,77.34938749,188.9822624,67.08830706,142.7824245,153.8612351,89.85219002
20-04-2022,74.03691244,187.7196155,66.51953542,139.6715523,153.3364632,88.49211387
21-04-2022,73.26231442,187.8168753,63.79962606,141.4635048,151.1091462,92.33394571
22-04-2022,70.9877588,186.5072531,63.60540484,137.397111,,91.40430004
25-04-2022,70.6510278,194.8111276,64.37739199,139.1537159,156.1499701,90.84327768
26-04-2022,71.77550308,195.8434088,63.73782944,137.9793026,153.2066079,96.80753688
27-04-2022,73.52558526,191.8414867,64.3886763,136.8598897,158.1078222,96.38862556
28-04-2022,75.56565039,194.6444938,62.97793477,138.9060243,153.5722357,93.0478647
29-04-2022,78.0187831,195.904693,62.73715767,137.2351885,155.3993822,93.67574888
02-05-2022,77.56156811,197.3357421,63.21480753,132.2942122,156.506927,93.24311486
04-05-2022,75.3143019,206.195506,63.49557748,134.772432,162.8033059,94.07087092
05-05-2022,75.07595039,207.9419055,60.92803048,130.871105,160.0909951,93.72845814
06-05-2022,76.2420066,206.3009241,60.24105788,132.5217734,156.3181938,98.89182913
09-05-2022,73.87991529,196.1546504,62.7492891,135.7055975,155.815981,100.2385772
10-05-2022,76.92402075,195.2847094,61.95794828,134.3909703,162.2543045,97.51468252
11-05-2022,78.62767346,201.6020229,61.96384597,,158.6191652,97.78905666
12-05-2022,78.19803776,201.0820453,,139.94764,148.3072673,95.80484379
13-05-2022,76.7848586,189.7608753,64.21567692,137.4710516,148.4843753,95.18279769
17-05-2022,75.47736395,187.3397049,66.26795877,142.2462083,151.9645629,92.9877855
18-05-2022,75.59474298,191.9327525,67.58591416,138.1435722,148.0674091,97.85829629
19-05-2022,75.13852378,194.4941775,65.9212016,136.8011606,151.1617669,96.13749579
20-05-2022,76.90146657,190.3520306,66.49336969,136.0545176,147.201665,97.76117242
23-05-2022,76.21901253,,67.41753069,138.0722867,146.618163,96.94125088
24-05-2022,,185.6222925,66.21985011,141.8811257,149.3331,94.10471795
25-05-2022,77.08042459,182.4912446,64.75884635,145.5728426,144.8551028,94.54147984
26-05-2022,77.57695618,173.1765545,67.49978742,146.3434628,145.4689746,95.46016737
27-05-2022,77.10750614,176.4305034,66.97193349,,149.8438577,96.76469388
30-05-2022,78.4486284,181.9221673,69.65579492,138.59888,151.5743074,90.39220863
31-05-2022,79.84215077,174.9616026,71.37123213,134.0038218,,87.57458018
01-06-2022,80.73624119,180.3497766,72.07758748,139.8820853,154.4030469,89.64474412
02-06-2022,81.9382309,179.8311664,72.87139855,133.4192812,156.8981712,87.54793795
03-06-2022,79.97915175,185.2851416,70.29827384,130.762601,149.5535795,87.9658569
07-06-2022,80.60148106,185.4053473,70.64058211,134.4651646,152.7399816,85.17288663
08-06-2022,83.09448843,185.977993,73.1218686,135.1298034,150.5123673,86.70514921
09-06-2022,84.09038536,187.6538158,74.34545248,138.2244281,151.2068447,88.6977844
10-06-2022,81.89832244,183.8910457,74.61000462,140.0587642,154.9719103,90.29414474
13-06-2022,81.7718581,189.3281253,77.78081267,145.1624445,152.7960869,92.59790235
15-06-2022,82.51389262,183.9636045,77.39766298,146.1910194,146.4642453,96.1904698
16-06-2022,80.92673889,182.0592742,76.17563965,148.5719146,151.9330195,93.3382441
17-06-2022,78.1544494,184.3908376,76.44574307,145.8372757,156.3109067,
20-06-2022,,181.9882469,77.88763854,147.9312546,155.9230367,93.4949261
21-06-2022,76.05452686,185.4711892,74.5193991,146.4218895,159.2029614,96.10862297
22-06-2022,76.00454187,191.7951362,75.02774929,144.7193475,157.685014,94.45953607
23-06-2022,72.95789098,196.5926326,76.52520003,147.9130267,158.0199771,92.67451989
24-06-2022,73.96598857,187.0180046,75.98638299,151.2026989,157.4025617,91.13562823
27-06-2022,72.77031906,187.5502905,78.06644329,157.5397633,156.0609248,87.4512541
28-06-2022,74.56001816,192.3172684,,163.8857139,157.4159339,84.64535616
29-06-2022,74.02151059,185.9287347,83.51560646,,152.6140442,81.9805243
30-06-2022,73.95232075,189.2364561,81.92337537,160.3361923,151.6083907,81.35317147
01-07-2022,73.61022678,192.337383,83.60016223,167.6141767,152.7548514,81.87960075
04-07-2022,72.32175394,186.4514269,81.44887109,171.4105024,159.728495,82.74235143
05-07-2022,76.77004709,190.2840882,78.13519208,168.0771676,155.0183643,81.66553781
06-07-2022,75.79532433,191.5242542,74.13558669,171.0895691,156.9892409,80.65291144
07-07-2022,77.71203938,194.5808941,75.11107019,166.6016086,159.4153086,80.87805706
08-07-2022,75.56402237,189.8218717,75.43451332,169.1282474,151.8880416,77.82892488
11-07-2022,76.24434678,190.4774031,74.50845839,163.5120478,153.4013478,79.67238183
12-07-2022,77.13425586,182.3017389,,160.159158,156.7312503,82.20872278
13-07-2022,77.06449376,,69.93263671,162.9536516,158.9907377,80.89835553
14-07-2022,75.94126967,172.4231041,69.91881279,167.2755358,158.6094491,80.06826527
15-07-2022,75.4185623,177.1155885,71.28427366,168.5862937,,82.53299112
18-07-2022,74.63554887,178.1824302,71.23341991,167.3296151,160.5141598,82.25433583
19-07-2022,79.09507195,177.8463511,71.66092788,158.4324221,153.6864599,83.43930299
20-07-2022,79.02664861,176.9591907,70.96557972,157.5569994,,83.22172375
21-07-2022,80.03994564,172.7362127,74.04765779,159.61109,152.92007,86.43472182
22-07-2022,83.58096304,171.7263066,72.14046846,158.2992261,150.1796576,87.46778882
25-07-2022,81.7247998,173.4851466,70.857742,158.1623846,159.4644021,88.63910446
27-07-2022,81.77722673,171.5454862,69.96430015,157.3809933,164.4102532,89.86743534
28-07-2022,81.20236118,174.7130172,,156.0680179,159.6334282,
29-07-2022,81.00313434,175.5165881,69.0301057,156.3172484,160.9689063,87.54073373
01-08-2022,80.61632014,176.8548117,,155.2046815,166.7880339,89.1979797
02-08-2022,79.11710431,180.7308624,69.50831465,160.7582525,160.4992946,89.45311453
03-08-2022,79.47987658,178.296619,68.28087085,151.8425241,160.7600384,86.79275429
04-08-2022,77.34458456,181.1822633,68.82366871,149.7249184,161.2104587,
05-08-2022,79.2334993,179.3773405,67.06898536,146.4225249,156.0255561,93.02474594
08-08-2022,80.44440468,180.8460574,65.17583894,147.1806663,157.4592371,93.084343
09-08-2022,79.42786329,177.8721735,65.3185834,147.4203676,161.8060819,92.41995121
10-08-2022,78.52043308,173.7690901,62.58866574,153.3547491,167.8578219,92.85126555
11-08-2022,79.03770716,174.1160407,59.21388065,160.7891652,166.7610217,94.02472008
12-08-2022,77.43611608,165.8577167,59.98489467,157.6333423,177.1404154,89.21770454
15-08-2022,80.92070283,164.5795033,61.53995799,157.588023,167.9735462,93.90241403
16-08-2022,81.62051665,157.9207112,60.8033199,158.3141272,169.4190287,92.01994222
17-08-2022,82.39848904,160.9497649,59.76955606,155.1090033,163.3864647,91.98795233
18-08-2022,83.77752062,165.1268563,61.25413505,157.4991634,163.7058143,
19-08-2022,82.53873745,161.5107795,,156.5088584,161.5207233,96.60770639
22-08-2022,84.76111355,163.1917553,57.43630312,152.2845479,163.5190474,96.36588802
23-08-2022,84.97838461,166.8110861,58.43517273,151.1745142,162.9513064,100.1639262
24-08-2022,86.97143678,170.5245896,58.43084588,147.3585877,159.537541,101.1523625
25-08-2022,86.51493865,171.3876607,59.96885784,151.1333504,156.457306,98.68959362
26-08-2022,89.33809029,174.4825134,56.74213468,158.2727359,163.969054,98.99234237
29-08-2022,90.2076707,171.5977447,54.73818123,159.1939599,165.7379675,98.66935827
30-08-2022,95.10258027,171.902856,54.74137255,159.5890665,158.6355623,95.96564399
31-08-2022,94.19548801,169.8438749,,160.1493628,160.7723347,96.79508169
01-09-2022,94.64892012,166.677187,56.4508624,164.8346686,159.9416374,96.81952911
02-09-2022,92.179586,166.7774574,56.68064249,169.5683041,159.9120526,98.13729543
05-09-2022,90.93216981,168.17643,56.89695729,169.0271542,163.1418289,98.58223222
06-09-2022,92.31135292,173.0178458,56.32599413,170.0438099,167.9187325,96.94797812
07-09-2022,94.88989618,174.1128564,58.54932884,172.7672588,164.2630882,98.78110441
08-09-2022,101.8951673,176.8548316,56.91723197,167.8015501,164.0916729,97.20950128
09-09-2022,,179.6901822,57.41101763,172.8381482,161.8021387,89.64740279
12-09-2022,99.21717031,191.7093637,55.97601657,180.282425,164.1679375,89.90884364
13-09-2022,101.0559764,182.9768469,56.70759308,185.4792106,163.1652634,88.63646778
14-09-2022,98.1763176,179.7750546,55.22041154,179.6477724,163.2356344,89.45664429
15-09-2022,99.53183161,186.3460847,,170.7462233,162.0836938,93.90011625
16-09-2022,98.25221127,184.6502745,56.3714149,173.7202753,161.6050626,98.63207103
19-09-2022,98.74247745,188.6839742,58.81319794,170.3666512,168.4435869,98.19532102
20-09-2022,101.4061696,189.7123468,58.38236238,171.5384899,178.4607845,96.13686436
21-09-2022,101.0950214,199.6400053,58.98511082,178.0704557,180.08965,97.51326373
22-09-2022,103.4224287,194.0248585,57.81771248,175.0924269,179.5855351,96.58146211
23-09-2022,105.6490064,199.893143,57.38423429,173.3872251,172.3678274,97.4984464
26-09-2022,100.6931924,208.5764077,57.51872784,174.5347147,169.0393262,95.85837443
27-09-2022,98.39335797,203.2242387,55.30537855,168.8208424,168.4530301,96.4303911
28-09-2022,94.52205442,207.1407266,53.32873123,165.5716481,,94.44398736
29-09-2022,99.22390539,202.0787355,54.11247599,165.6248691,162.8197083,97.21179453
30-09-2022,98.93270325,202.1704872,53.89861426,164.3311116,169.1834737,95.74881124
04-10-2022,103.3075796,200.8129734,53.08349671,166.7813204,,97.30258115
05-10-2022,99.05917868,188.6901255,52.08952658,178.2641293,169.7039133,94.19676234
06-10-2022,97.61101168,190.6347388,,178.6524703,166.7926827,96.00810451
07-10-2022,99.53516446,191.260684,51.29291613,174.8395266,171.652791,93.65978452
10-10-2022,99.95140709,198.2755472,51.84820793,180.9861865,170.6890523,94.24323067
11-10-2022,101.2529241,,49.1208532,173.7430358,168.4152025,96.62570183
12-10-2022,98.04875444,212.7108103,50.84110731,167.6580848,161.7091162,96.11362692
13-10-2022,101.3941865,213.2162239,52.53119378,165.1134398,161.413585,93.61186872
14-10-2022,103.3333911,212.589741,49.4546325,163.8961958,159.1374194,94.74647384
17-10-2022,104.3399242,211.5461558,50.78239875,161.3104353,165.79167,92.72604935
18-10-2022,102.5202091,209.1578594,52.10682765,161.1349605,173.3845086,91.7611291
19-10-2022,103.3193545,197.5509006,52.09177593,162.1933831,167.9780307,92.34257959
20-10-2022,102.5354448,196.4041442,50.38685297,166.4791792,163.2152101,95.4560852
24-10-2022,98.27383789,,51.65059063,166.8087592,162.0387563,95.49081535
26-10-2022,98.12047456,188.2401075,51.32360227,164.4152776,158.6844005,95.51673516
27-10-2022,97.70657689,182.3479084,52.01246618,168.5365331,159.4993107,97.24920074
28-10-2022,100.2723553,178.2162119,54.88251572,165.0405989,158.1490554,97.34249164
31-10-2022,94.64099353,175.1802533,55.21158682,158.2549433,159.2107588,98.85989123
01-11-2022,95.16908987,174.230185,53.92945688,162.9786794,163.2073211,101.495826
02-11-2022,92.39118016,174.2078323,53.46063328,167.5822291,158.8161403,100.6337784
03-11-2022,93.10079834,178.8786909,52.38948887,164.2125762,162.7198856,92.36417092
04-11-2022,93.9440124,176.2423316,52.94152964,162.5248861,159.7069137,90.44778272
07-11-2022,93.71186552,178.3050108,51.85878595,158.75054,168.2371907,93.15371359
08-11-2022,95.57507558,190.4247021,51.23019079,159.9992091,175.0044307,93.0471346
09-11-2022,92.56979843,192.1639971,49.56978141,166.8793723,174.4571903,92.23034296
10-11-2022,95.10556396,191.2392569,49.39122237,169.7617203,170.2022517,94.89299836
11-11-2022,,187.4567755,49.59465839,174.1064517,165.2371712,94.62415484
15-11-2022,89.73268866,186.4898194,46.25100134,177.6222196,168.7964977,89.64566294
16-11-2022,89.09469828,,46.53726447,177.5684038,168.6175617,86.24517421
17-11-2022,84.40128419,183.4718435,46.4701342,182.3243091,172.4741273,87.12195994
18-11-2022,84.91227887,183.8917378,45.56746119,185.6655414,181.9266967,86.95013161
21-11-2022,84.33646654,173.8962141,47.8647777,192.2912284,178.3682881,90.08611088
22-11-2022,86.9122855,173.763366,48.99734991,190.0243603,172.8293363,88.40765194
23-11-2022,88.29619897,178.3861071,47.6396303,181.7102642,173.609489,87.69707376
24-11-2022,85.19701047,176.5526911,48.62367079,186.4040721,178.5259344,85.73155635
25-11-2022,83.38574867,173.6179582,50.12188531,187.9781124,174.2749628,84.59005316
28-11-2022,84.44613276,167.5860329,50.27227718,186.5304643,174.373536,80.56376985
29-11-2022,86.20911258,159.7514192,50.71145835,185.3546098,180.2937078,79.76279546
30-11-2022,88.81801782,163.0237245,51.12519624,197.1370756,172.8796797,79.63543648
01-12-2022,91.4881301,162.2351855,48.44391505,193.912925,173.8448582,79.3401267
02-12-2022,91.25592726,165.3177415,48.2030645,189.7180877,171.4453511,83.57997037
05-12-2022,92.05591236,171.5970207,47.90069531,190.0656713,171.9260692,87.38596104
06-12-2022,95.01720953,175.4976256,49.59896133,195.6179214,174.925252,85.71929346
07-12-2022,94.26821628,173.0653499,49.99789553,206.7016425,,81.31345743
08-12-2022,95.13483857,173.6402196,49.61089812,210.0365924,171.3447502,81.08740531
09-12-2022,94.32885436,170.9193952,49.48423561,203.3027734,169.1461995,81.82633484
12-12-2022,93.00129809,167.8416135,50.73542667,213.2588368,175.1280251,80.04153049
13-12-2022,93.08589467,169.2297273,50.4860815,213.0910624,176.5156209,78.39472476
14-12-2022,91.45795397,165.6577367,49.58970677,208.5644252,180.1709025,81.47280537
15-12-2022,91.13118391,156.4589629,49.23303008,202.8737842,181.2442496,80.9237773
16-12-2022,88.745928,152.9380578,50.37609321,207.0546514,184.8560672,82.23929483
19-12-2022,88.29777352,151.7188312,50.98585162,208.2288034,182.9698601,80.30193093
20-12-2022,89.2610808,157.4439356,51.02698187,209.9627006,179.4041817,80.16352963
21-12-2022,87.92046074,155.4643243,51.25601559,216.6526535,182.7756245,79.46542883
26-12-2022,87.91450798,157.4073333,50.52338456,212.2429347,187.8722041,78.0998686
27-12-2022,88.19438952,156.6977873,50.26325304,219.4281785,183.5216413,80.3321589
28-12-2022,89.16570716,161.4551523,49.41467824,216.5144064,180.8241264,77.51877204
29-12-2022,88.84118893,166.0771951,49.03569325,228.1629214,180.0319972,78.07701732
30-12-2022,91.22627799,170.9107685,50.67125215,231.5097236,187.2684941,77.36042323
02-01-2023,86.4074349,163.4505838,49.29062292,226.1141665,189.8487518,78.13949004
03-01-2023,92.72760487,164.2462778,48.42715266,214.5969392,183.5073913,77.44878259
04-01-2023,91.14913296,166.8050331,47.23168107,218.1546333,183.2395337,78.82302305
05-01-2023,91.92096564,168.1446062,45.86110388,216.609312,182.4117354,77.37314826
06-01-2023,90.23243649,170.3526688,45.708137,216.0220161,178.2043373,79.19536822
09-01-2023,91.43120718,170.6196149,45.16182495,219.4187291,177.9021316,79.18142556
10-01-2023,91.97352069,168.1463668,46.77111142,223.9405709,176.9413269,77.10924365
11-01-2023,90.8133418,162.5064102,46.52523892,229.510915,175.7323486,78.18910534
12-01-2023,92.7986801,160.4732293,47.74363896,224.2099413,174.3708399,77.90942331
13-01-2023,92.5314925,169.1327174,48.68705945,230.6936208,179.5719508,75.27945372
16-01-2023,,167.5575805,48.503067,228.114257,178.337562,75.81012581
17-01-2023,91.90205344,,50.56942918,217.9118471,178.5860613,77.36665282
18-01-2023,91.88204152,163.4827997,50.86124916,212.8630896,178.4476046,79.3814905
19-01-2023,95.60033733,166.3452527,52.42066448,213.8764247,176.7166027,78.81256036
20-01-2023,97.47977405,170.6945968,53.90584349,209.7750695,,79.07314315
23-01-2023,98.118502,172.3707444,54.37444482,209.4895888,177.3705431,79.18469376
24-01-2023,97.27680062,175.3548319,55.21304105,210.9905921,177.7244205,81.57575894
25-01-2023,97.44703217,181.8787932,55.92426388,210.3095761,174.741376,80.28606482
26-01-2023,97.87105537,179.2398283,54.66679402,208.3143509,174.090903,79.57206566
27-01-2023,98.78953301,175.9280115,54.75129834,203.1869179,176.8078418,78.2754861
30-01-2023,96.70179305,172.147014,55.94952747,203.3573665,176.2427051,76.03813707
31-01-2023,98.03319873,171.300844,57.67969535,195.0402236,176.8834598,76.44537783
01-02-2023,95.93608608,176.2802938,56.87144169,192.4422954,177.5451349,78.9241931
02-02-2023,99.10413712,178.2125668,57.49569824,188.9483743,179.0982824,78.64245827
03-02-2023,97.61434759,180.0256728,57.69218429,188.1193563,181.1709901,77.28682489
06-02-2023,98.23249693,173.5472404,57.57925292,187.3919747,180.6124377,77.60657548
07-02-2023,100.2465432,171.2106461,58.01225193,191.0646951,177.3927129,78.552007
08-02-2023,99.7806373,164.9934477,58.28838724,197.192053,173.1398456,78.33777503
09-02-2023,100.5002553,168.9244027,58.94285808,192.8625877,176.7331429,80.56810684
10-02-2023,103.4251776,174.3490602,60.66601335,200.6265899,179.5264118,79.29132489
13-02-2023,104.6340173,177.1371344,61.64167765,197.5798922,181.9297846,78.86795737
14-02-2023,105.4199247,173.7120602,62.04924165,198.3406806,184.9541982,79.36638378
15-02-2023,101.9098937,178.9304486,64.38803276,200.4465151,184.4305707,80.02189257
16-02-2023,100.0475469,178.0957205,65.84311163,210.3268556,182.1994167,80.12948695
17-02-2023,102.1824018,173.8411588,65.74777287,208.1298556,178.6997033,78.1127561
20-02-2023,103.3880526,170.5576322,64.17361286,200.734011,174.8778527,81.79657149
22-02-2023,104.9212276,169.1585253,62.93142903,206.7977016,179.1873981,81.44325952
23-02-2023,106.2965287,169.3939213,,203.433626,177.4917661,81.65544775
24-02-2023,109.0809801,168.9150643,63.34839327,202.0438139,181.3073388,82.69534799
27-02-2023,108.5543373,164.2102108,62.09655873,197.6079434,180.7021863,81.67570548
28-02-2023,108.8593749,168.2606737,61.17990755,196.2693322,178.3305019,81.80136588
02-03-2023,106.6633017,167.8211569,60.36329734,193.0489783,174.4986616,80.72618469
03-03-2023,103.9796049,165.4926254,61.41440062,195.7379259,172.5158181,81.42939169
06-03-2023,100.6028865,169.2337596,61.24644197,196.1325008,177.4781969,81.01243632
07-03-2023,98.86212763,165.2960075,59.58987932,193.5394127,173.7007152,81.48023214
08-03-2023,101.9714638,159.977145,59.65071451,197.4716381,181.1238042,79.80738212
09-03-2023,98.84557531,164.112514,59.93974146,198.5577192,178.1511735,78.51623206
10-03-2023,98.28504976,170.3861674,59.38909081,191.3061997,180.8945233,76.40392451
13-03-2023,95.78242673,168.8796264,60.78578573,194.9016211,180.4413778,75.34874035
14-03-2023,94.66948481,168.7919103,60.29835803,195.7002028,,71.50064364
15-03-2023,95.02864908,164.9884725,61.65909622,201.2218154,174.8676958,71.09008665
16-03-2023,93.73603923,165.0725921,62.4197016,201.801002,174.5935278,70.35893894
17-03-2023,95.81635101,163.5681031,63.60143826,198.6863676,170.6187805,70.59944122
20-03-2023,98.79428127,163.2994312,62.22949057,197.9540282,164.9488553,70.69066661
21-03-2023,94.38984307,164.7013842,,201.2159912,165.4093881,72.49621901
22-03-2023,93.13824823,161.1499432,62.33578415,198.1947851,163.373453,76.28677108
23-03-2023,93.2856714,160.0482856,60.58788063,196.5287725,,78.05286936
24-03-2023,95.42399733,154.3384625,61.95118153,195.7360203,172.3888565,77.37676356
27-03-2023,94.59525083,153.304434,60.96318298,191.3148462,178.3101799,76.64417467
28-03-2023,94.59537306,153.0792786,60.24434435,188.4974542,175.9533369,78.00639158
29-03-2023,92.44475818,153.8415596,59.04751113,189.2233586,176.502796,75.41136123
30-03-2023,89.64775725,154.6402328,59.89919628,193.8497855,167.3222821,74.96612814
31-03-2023,,157.4977454,58.09511668,195.1569029,166.4461747,74.63904652
03-04-2023,88.94571076,152.7108644,58.8362649,195.0559629,166.8406466,75.54088248
04-04-2023,93.1237025,148.2325358,60.08890544,191.8910988,167.4214125,76.49853895
05-04-2023,94.51152764,149.8600043,60.75851028,196.1708859,167.3465135,75.38998249
06-04-2023,,143.8087734,61.64877858,197.9501775,167.6363328,74.79534753
07-04-2023,96.97596862,144.3935005,62.60994034,195.2314119,,75.49110022
10-04-2023,96.52467022,141.0427253,,198.8183926,159.4828387,74.31506867
11-04-2023,97.32019669,145.5358236,63.2338726,,161.0886391,76.13745019
12-04-2023,96.99145551,146.3230339,62.67731808,197.93106,165.4638884,77.09552615
13-04-2023,98.10311973,145.7402117,62.61916905,197.6089144,166.7503306,77.39081673
14-04-2023,98.07626591,149.3770738,62.22762727,195.7404322,166.3810218,78.02687731
17-04-2023,96.2513644,146.259867,62.86426832,206.1285255,170.1244015,77.32948772
18-04-2023,94.6139889,143.7634754,62.21294767,208.4031327,162.1716498,
19-04-2023,92.78931578,140.1939582,62.32109334,209.2649299,160.5663174,75.77345442
21-04-2023,94.6282158,137.8245703,60.80626223,211.3268719,158.1712781,76.56144786
24-04-2023,93.49750966,138.0481648,62.2469635,,158.1253395,76.8998724
25-04-2023,89.95937099,139.467167,63.10689403,216.9651103,151.2352087,76.28049859
26-04-2023,90.70934187,142.2046891,62.76326467,214.4921016,155.2872103,77.45458017
27-04-2023,93.49324344,137.0718846,62.19946348,218.1997401,154.5734795,77.21610306
28-04-2023,94.97620183,136.6555617,63.02625389,,155.6208592,76.17629442
01-05-2023,93.8681647,133.681487,62.15990335,212.9560234,,
02-05-2023,90.9266899,133.1860979,62.34062123,207.6547539,160.3885107,75.07305359
03-05-2023,90.71888949,139.4569351,63.81360391,214.0891298,154.479958,72.56978203
04-05-2023,90.46628478,140.3267609,62.80374454,214.7384389,154.8887773,72.59140118
08-05-2023,88.74887353,142.9072717,63.29185629,212.2922787,158.5013358,71.66598598
09-05-2023,89.76245188,148.5683754,63.71682979,211.3822457,158.2541167,71.33036792
10-05-2023,93.11351131,151.9775984,63.61827666,214.8803882,155.3065724,69.97975178
11-05-2023,93.5647072,150.6769301,63.00271946,213.7053985,153.492933,71.6997591
12-05-2023,93.90243127,146.8924316,64.55863092,207.5959043,152.3480537,70.77986159
15-05-2023,92.17983239,146.8626293,63.81289011,209.0318072,,70.19663642
16-05-2023,94.79297338,145.2538791,61.52578648,214.1670824,149.8129851,70.75523776
17-05-2023,94.68842779,140.883128,62.33858345,219.1420309,154.3920113,68.83548641
18-05-2023,93.62988076,,60.8657679,216.7782338,152.6092011,66.86603462
19-05-2023,93.78659544,142.4280614,61.73235175,222.3675252,151.1817741,67.40223715
22-05-2023,94.70938301,147.5244698,63.40517903,223.4035354,152.6324557,66.82938873
23-05-2023,95.01096688,146.5161015,64.22912918,229.0384309,152.1598434,65.65119314
24-05-2023,97.34092727,147.3955539,65.63113713,231.7579738,148.1757353,66.469697
25-05-2023,98.12738658,145.4927203,68.30895198,224.797833,148.0536728,65.41692114
26-05-2023,97.60938818,148.0917133,,232.7410147,147.8200695,65.08393292
29-05-2023,98.43163447,147.7818527,70.14544157,233.0751556,150.7636943,63.94349259
30-05-2023,99.45460905,144.3752102,72.46578008,235.8571118,147.892694,64.35712665
01-06-2023,96.91577969,144.3940604,75.03798997,229.611405,150.8574086,66.09744143
02-06-2023,99.18248419,,77.72250675,,150.6225815,63.66368085
05-06-2023,98.62526902,146.3810855,76.9885832,237.2347439,147.3452099,63.83259039
06-06-2023,98.12164259,149.5016279,74.93449953,246.5121422,143.5473036,64.95168861
07-06-2023,99.63541616,145.2316928,74.13540974,253.5150582,149.1582477,64.43015545
08-06-2023,101.1641527,142.8419269,75.20835909,256.4265504,148.7408551,62.9984628
09-06-2023,99.78663749,144.7268327,75.4778441,248.6087338,151.5862799,63.55406328
12-06-2023,101.4289292,142.6854058,75.19634045,249.3658607,146.4683652,64.85266791
13-06-2023,100.3325877,143.4287147,,246.5105739,154.2537297,66.03366376
14-06-2023,104.0239701,136.5448672,73.86210623,247.7676688,157.0711575,66.54332391
15-06-2023,102.3425392,144.0164564,74.1001923,241.8394515,156.3315401,66.70025135
19-06-2023,102.8736509,143.2971849,75.78739091,240.9196543,155.4368051,65.52764418
20-06-2023,101.3058201,146.7763152,76.65032986,238.5240308,157.7826516,66.6878045
21-06-2023,105.8497825,145.8460533,77.74153901,236.0044234,159.9827151,67.79476446
22-06-2023,103.2716609,147.1140346,80.25628001,233.5583028,160.6307388,66.27879445
23-06-2023,104.3960058,151.5625265,80.18221424,233.0171261,160.7299403,66.78845151
26-06-2023,102.9033299,155.1570017,79.16696041,234.4440986,162.5978379,67.6871888
27-06-2023,,154.584612,81.082033,222.8227347,156.9989324,68.90841971
28-06-2023,103.1837743,154.2282811,83.01360265,212.3213984,155.8959373,68.83263475
29-06-2023,105.7521927,157.3855394,83.97372416,210.9680986,150.823508,67.6795951
30-06-2023,109.2280485,164.7928722,83.73797464,210.2180267,152.7075721,67.02700654
03-07-2023,105.9141832,165.4925256,83.77378042,211.0972056,150.7046169,65.70355848
04-07-2023,106.5237219,172.0363107,81.66808799,208.1094525,146.0280173,65.66274256
05-07-2023,109.6757452,171.2744843,83.51859953,,143.7681271,
06-07-2023,106.0228609,174.6039245,85.35208553,208.8423089,144.2550876,68.19512698
07-07-2023,106.7319068,178.5190884,83.1471292,205.8577096,143.7206849,69.44265746
10-07-2023,106.7701514,177.1267806,84.62321039,210.1126066,140.4060358,70.81699441
11-07-2023,107.6980733,174.5510806,85.34098726,210.9403927,135.6747214,71.51291654
12-07-2023,106.0776394,178.6194794,83.63079807,213.3322926,135.9296075,71.01616258
13-07-2023,103.0743293,176.7919988,81.6470752,213.7113659,134.4051077,70.65342629
14-07-2023,99.17171582,173.7004374,82.28962669,222.7884275,133.7651225,70.42186774
17-07-2023,101.147978,171.3938363,81.66800408,225.5349502,133.3914224,70.71515125
18-07-2023,103.4218839,169.6263773,84.67330309,223.4239732,134.5921204,71.29384136
19-07-2023,104.0893384,172.600325,86.32036546,227.1818165,136.9258038,71.32336931
20-07-2023,103.0189912,174.4472958,,219.832008,137.3817919,70.9373694
21-07-2023,99.71610778,177.0139676,88.11951395,220.4457801,136.5562302,70.12284435
24-07-2023,100.8794866,178.5765754,90.50026914,221.9411092,136.678485,68.19776365
25-07-2023,98.69891738,176.5270872,92.06867155,222.6114635,135.8058285,69.97551453
26-07-2023,97.33430886,179.0588488,93.02575566,221.214448,131.3987845,73.09016607
27-07-2023,96.2313864,183.3650487,91.23917523,216.824344,134.320952,74.87259662
28-07-2023,95.88969718,185.581944,96.86306121,213.4880808,136.8016957,73.01715541
31-07-2023,94.47236989,187.3251371,94.76465326,214.0093115,142.2965656,74.19567649
01-08-2023,94.57337742,184.5262953,94.21019904,209.3288456,148.8436286,75.74455027
02-08-2023,93.43505764,185.3818223,91.13003751,216.82352,145.402304,75.16368395
03-08-2023,94.78308832,,92.14850346,205.4580748,144.4851065,75.92874087
04-08-2023,96.7755481,182.4001235,92.46385487,204.2111996,151.8005019,75.26618207
07-08-2023,97.02434386,176.4893868,93.9160486,204.7437401,151.73811,77.59782151
08-08-2023,97.96087393,170.7973979,90.68709158,206.9034627,152.5399273,78.19590039
09-08-2023,102.1493987,170.2131079,92.74188998,203.1960642,147.9602822,76.79282276
10-08-2023,99.79464408,168.4141608,91.28132503,207.8870274,148.4642013,77.85226898
11-08-2023,97.37269173,168.8412159,91.04580972,202.1749943,154.2600666,79.53197945
14-08-2023,98.76511714,168.4536626,92.77854125,199.9667234,158.2912703,79.87894829
15-08-2023,102.6496338,,93.3004515,202.5292872,156.423482,80.67684583
16-08-2023,102.155892,170.7427095,,206.8236719,155.2461877,80.59656683
17-08-2023,105.7248794,169.2290106,95.49653412,201.0987873,151.796927,
18-08-2023,105.9710782,168.553977,96.35369313,211.8175006,149.2735668,78.59280973
21-08-2023,104.5703795,173.5263909,95.73489449,208.1001392,143.6303932,79.44638994
22-08-2023,,,95.45445036,202.7220722,143.4441917,79.27474305
23-08-2023,103.8720869,173.0537055,95.89712739,204.8413891,147.8339015,80.57606242
24-08-2023,102.0128616,173.4085096,,203.4964273,148.9439329,79.97628392
25-08-2023,102.2194924,172.9182339,96.13238436,201.5589285,153.0733706,79.48588402
28-08-2023,105.4976,170.5334414,96.72581713,204.0406996,,80.83892453
29-08-2023,104.8925071,167.1977055,96.90916337,197.8897062,,81.22994648
30-08-2023,107.6910591,164.7117053,99.25920391,191.2321646,152.4831461,80.59355602
31-08-2023,105.118226,,99.0604599,189.0237262,150.3447695,82.29215447
01-09-2023,104.0378018,165.6081389,98.73866993,,145.2418818,81.19152041
04-09-2023,101.1514935,165.1612466,97.8211334,191.1110004,145.3938926,80.04355519
05-09-2023,101.3396287,167.5420007,98.53144593,197.2997735,,75.54598977
06-09-2023,102.9612212,166.6761732,99.17869921,202.1178922,138.681577,74.73920612
07-09-2023,103.1572328,168.8541685,97.89674669,203.3425091,,76.72535072
08-09-2023,105.7300774,163.7183236,97.58799214,204.8054522,140.3019988,73.57609319
11-09-2023,104.1881539,163.3499027,96.33964212,206.0424878,143.3241496,72.20475233
12-09-2023,104.69939,163.6729961,95.02004248,206.7830776,143.9513205,72.86769096
13-09-2023,103.6367555,163.814209,91.77055119,205.3511391,148.7062392,69.62527287
14-09-2023,104.4278699,158.4643033,91.38344418,204.4057524,150.6154661,68.94197237
15-09-2023,105.5217227,162.3406972,88.30891534,200.1133945,148.3950121,70.54261637
18-09-2023,106.7930399,159.6306694,87.52682388,191.3482566,,73.45324112
19-09-2023,104.5491166,160.7641657,86.48929029,195.6500356,141.1259032,73.90901344
20-09-2023,102.7304929,,88.34343914,196.343648,138.6359047,72.56909178
21-09-2023,101.3245486,164.1474358,86.58551989,196.4465767,137.6349635,71.204606
22-09-2023,100.8809888,171.3945084,85.30199972,198.0906346,139.1937444,
25-09-2023,101.0972502,167.0398385,84.68522508,194.8879153,137.1605107,71.86946323
26-09-2023,102.5694064,164.938765,83.73650726,191.0639719,133.7966107,74.56877786
27-09-2023,100.8706545,165.6285142,86.06313415,190.056359,128.799222,76.04644
28-09-2023,97.68108549,162.033205,84.13778587,195.3326979,127.3143794,76.20477856
29-09-2023,101.9316646,164.6328094,83.53299589,190.8449642,132.3327349,75.72437258
02-10-2023,99.66581944,167.4755986,84.12117719,180.8940583,133.1031947,80.32040538
03-10-2023,101.3727435,169.4164703,85.63734927,179.0800488,135.6576564,81.35910051
04-10-2023,101.4766848,170.2858537,85.02034663,183.2443759,133.2699345,80.3034634
05-10-2023,102.0273088,175.0188087,81.79280491,176.9680947,129.1293715,79.97482481
06-10-2023,102.0649558,171.0436923,81.57997312,172.8614311,126.027484,78.60332895
09-10-2023,101.3202044,171.335384,83.81857405,173.841717,125.8330712,74.85465834
10-10-2023,102.3009278,168.8722567,84.3251524,182.8463948,120.8648573,
11-10-2023,101.4444906,171.9454492,84.75760191,177.9526512,,78.06906254
12-10-2023,103.8513682,165.709534,82.98952783,173.0520697,117.1379271,75.55436872
13-10-2023,,165.6827425,81.08795295,174.2935396,114.0901732,75.66809708
16-10-2023,106.3756356,166.8598809,81.14964733,178.5625965,109.289982,74.62856153
17-10-2023,105.3392751,163.7646564,78.86710426,176.4052078,109.966823,75.43679262
18-10-2023,104.8834621,161.7792063,80.13112662,170.7553224,110.1116964,75.20696665
19-10-2023,102.4335673,161.893678,78.80632472,172.3049243,111.8713471,73.19133774
20-10-2023,101.7513269,165.0509168,78.79898425,174.4926503,109.4315992,71.78444841
23-10-2023,99.68256792,161.7074169,75.85857349,180.7696923,111.138563,70.62110887
24-10-2023,102.3402418,158.9957454,75.29145196,183.2171227,114.5823119,72.54810217
25-10-2023,102.4846148,162.638617,73.53586529,186.3247272,115.2290482,74.45359153
26-10-2023,102.8750755,161.8157456,70.15033815,185.4223747,113.8694922,74.0197536
27-10-2023,102.4529862,159.3641108,70.93860641,194.5507343,114.2454452,75.86699565
30-10-2023,102.8988185,161.7503805,73.29541326,193.0793782,112.7881591,75.6345637
31-10-2023,108.0126379,160.2357596,74.98043609,190.7936191,110.9738859,75.17067762
01-11-2023,107.4074641,163.5924473,76.03269757,197.7748145,112.5347567,75.28661763
02-11-2023,106.0532428,161.4862915,75.43337566,192.0225844,112.2668107,75.74560291
03-11-2023,,161.0354393,76.67936942,185.0045107,115.0175623,74.93445114
06-11-2023,101.8459557,164.1433321,78.586927,185.520884,114.0458411,74.99719487
07-11-2023,102.0169689,163.4662051,78.83340991,185.5886491,113.3132686,76.20813333
08-11-2023,101.2993552,166.003375,76.99760026,184.8170161,112.0747296,76.43605607
09-11-2023,99.3294611,165.8521538,76.25937144,188.5648455,109.6086744,76.53203362
10-11-2023,100.3778988,172.4918518,78.88680647,185.2151563,111.4378785,77.31905877
13-11-2023,,177.9728791,78.80043462,185.5269369,116.3538751,78.38096809
14-11-2023,96.94285058,173.3167659,73.59211088,184.2649605,115.5109443,78.31416271
15-11-2023,95.72809943,,71.45952416,181.0542597,113.9850541,77.60278653
16-11-2023,90.2366164,172.4058227,,180.9027532,112.3315333,77.92748171
17-11-2023,90.80198366,173.1351232,72.37825924,184.0598528,110.8493564,75.47438112
20-11-2023,91.35278744,173.4411244,72.01184813,191.9397059,114.5512454,75.18709242
21-11-2023,89.93995831,169.8495506,73.55928432,194.240752,112.9510091,71.50057919
22-11-2023,90.94748859,173.5131529,72.81462551,184.5643187,111.67406,69.13277776
23-11-2023,88.65106701,174.2880729,69.98316687,184.4973585,108.9484217,66.63544486
24-11-2023,86.97287212,173.365451,69.32314,184.7549271,109.6318525,68.05791403
27-11-2023,87.73334633,171.915735,69.82912267,188.2882136,109.5282952,68.10416866
28-11-2023,86.56005889,172.4650985,70.22288958,189.0594809,107.0810415,66.41239433
29-11-2023,86.48621112,173.9411411,68.48823288,193.8732715,105.2117714,67.09121673
30-11-2023,85.54584823,173.575949,68.03457203,195.4695101,108.4795088,68.44465385
01-12-2023,84.87699748,163.8122339,71.71479911,201.6416478,108.5938631,69.16809407
04-12-2023,84.2875705,,69.97461251,199.9529154,108.8581488,
05-12-2023,83.12986933,159.2725378,70.92727963,200.6101345,109.1317177,69.28280873
06-12-2023,83.66597338,158.669046,67.98142047,204.007032,112.2193276,70.55968609
08-12-2023,82.64871481,154.2752962,69.18304894,201.7540025,109.9183503,69.92571319
11-12-2023,82.70770403,149.9663944,67.97604634,198.6469392,109.0908948,69.99545279
12-12-2023,81.53535263,153.7309163,68.54988416,196.2260206,108.7658799,69.6634041
13-12-2023,79.06597518,152.808248,66.8066255,193.3641991,105.0652821,67.44334865
14-12-2023,80.54045322,,67.22196604,195.4624401,103.1822149,68.70665454
15-12-2023,81.377312,153.1813332,66.02722964,188.367904,105.3834523,71.56110254
18-12-2023,85.13479882,152.1072547,65.10938752,182.5813549,107.0278842,70.33913285
19-12-2023,83.39128439,158.568181,65.71098003,189.456443,109.076541,71.72155037
20-12-2023,83.07613123,157.7657633,65.1716434,186.7847407,107.8350532,70.542457
21-12-2023,82.8958436,158.9809554,65.69351374,187.606649,106.8738218,70.75801756
22-12-2023,84.56929422,162.1317714,65.46905041,182.0942163,103.0946234,72.92039994
25-12-2023,83.7454068,167.3921472,65.58361297,182.5098437,105.0574101,72.19055573
26-12-2023,81.81751744,164.9749841,,179.9583317,107.403662,72.19822754
27-12-2023,83.82664363,163.6619036,65.75675145,174.4044955,109.7749651,69.62580037
28-12-2023,83.3293001,167.899411,64.47311418,179.1375559,113.3406563,68.7287355
29-12-2023,84.8269668,170.6867505,63.81250684,183.4460497,114.3428339,66.13591327
